{"v":1,"objective":"lambdarank","num_trees":3,"feature_names":["bm25_score","bm25_rank","dense_score","dense_rank","rrf_score","source_W","source_I","source_D","source_E","title_overlap_count","title_jaccard","topic_overlap_count","snippet_overlap_count","query_length","doc_length","source_mentioned"],"trees":[[[4,0.02922499924898148,1,32,1],[1,3.5000000000000004,2,7,1],[12,1.0000000180025095e-35,3,4,1],[-1,-0.12,0,0,0],[2,0.5342499911785127,5,6,1],[-1,0.05262020380354467,0,0,0],[-1,-0.08580273541925967,0,0,0],[12,1.0000000180025095e-35,8,9,1],[-1,-0.11656079583671065,0,0,0],[2,0.5510999858379365,10,31,1],[11,1.5000000000000002,11,26,1],[12,1.5000000000000002,12,19,1],[1,10.500000000000002,13,18,1],[14,45.50000000000001,14,17,1],[4,0.028444999828934673,15,16,1],[-1,-0.07244668549892659,0,0,0],[-1,0.037937902750845416,0,0,0],[-1,0.03871742249493024,0,0,0],[-1,-0.0894110037553995,0,0,0],[13,4.500000000000001,20,23,1],[2,0.4434999972581864,21,22,1],[-1,-0.013149329630655593,0,0,0],[-1,-0.08222952022028931,0,0,0],[1,25.500000000000004,24,25,1],[-1,-0.0194925629016072,0,0,0],[-1,0.08466046221182094,0,0,0],[1,18.500000000000004,27,30,1],[14,43.50000000000001,28,29,1],[-1,0.10861862406977414,0,0,0],[-1,-0.004367524776447544,0,0,0],[-1,-0.06623956759708499,0,0,0],[-1,-0.10140195910763795,0,0,0],[12,1.0000000180025095e-35,33,44,1],[10,0.4500000029802323,34,39,1],[2,0.6957499980926515,35,36,1],[-1,-0.12000000000000002,0,0,0],[1,3.5000000000000004,37,38,1],[-1,0.11480181378631545,0,0,0],[-1,-0.08332897503966875,0,0,0],[2,0.6616500020027162,40,41,1],[-1,0.11999999999999991,0,0,0],[2,0.8427000045776368,42,43,1],[-1,-0.052333066781749246,0,0,0],[-1,0.07789861665348242,0,0,0],[4,0.0312699992209673,45,52,1],[1,3.5000000000000004,46,47,1],[-1,0.08201030673809949,0,0,0],[14,45.50000000000001,48,49,1],[-1,0.01580837026596631,0,0,0],[3,7.500000000000001,50,51,1],[-1,0.07682497004946791,0,0,0],[-1,-0.010882801467123178,0,0,0],[14,39.50000000000001,53,56,1],[13,3.5000000000000004,54,55,1],[-1,0.0890753045460825,0,0,0],[-1,-0.047656981355038756,0,0,0],[13,4.500000000000001,57,58,1],[-1,0.10910889789746932,0,0,0],[1,2.5000000000000004,59,60,1],[-1,0.11041289574346165,0,0,0],[-1,0.02366825204827275,0,0,0]],[[4,0.03054499998688698,1,42,1],[12,1.0000000180025095e-35,2,9,1],[4,0.029254999943077568,3,4,1],[-1,-0.10566827341828453,0,0,0],[9,1.0000000180025095e-35,5,6,1],[-1,-0.11165600478193283,0,0,0],[2,0.6285499930381776,7,8,1],[-1,0.11398666624583284,0,0,0],[-1,-0.018361838483194053,0,0,0],[2,0.5373499989509584,10,39,1],[1,15.500000000000002,11,24,1],[2,0.35164999961853033,12,15,1],[9,1.5000000000000002,13,14,1],[-1,-0.01476080416443103,0,0,0],[-1,0.09145201964248166,0,0,0],[1,1.5000000000000002,16,17,1],[-1,0.08697522520710801,0,0,0],[11,1.5000000000000002,18,23,1],[12,1.5000000000000002,19,22,1],[13,3.5000000000000004,20,21,1],[-1,0.03100103098836423,0,0,0],[-1,-0.0913923814925921,0,0,0],[-1,0.05205940304196801,0,0,0],[-1,0.07494287306361677,0,0,0],[12,1.5000000000000002,25,30,1],[4,0.026375000365078453,26,27,1],[-1,-0.06505226389507107,0,0,0],[13,3.5000000000000004,28,29,1],[-1,0.03511086500901839,0,0,0],[-1,-0.07465417539444356,0,0,0],[9,1.0000000180025095e-35,31,36,1],[13,3.5000000000000004,32,35,1],[4,0.027625000104308132,33,34,1],[-1,-0.08438077190130838,0,0,0],[-1,0.0794620317760428,0,0,0],[-1,0.07267822139551915,0,0,0],[1,30.500000000000004,37,38,1],[-1,-0.01261391173392113,0,0,0],[-1,-0.11403663951624711,0,0,0],[4,0.02842000033706427,40,41,1],[-1,-0.07652350809302787,0,0,0],[-1,-0.02409473645101708,0,0,0],[4,0.031765000894665725,43,56,1],[2,0.8427000045776368,44,55,1],[9,1.0000000180025095e-35,45,46,1],[-1,0.006055804845419518,0,0,0],[11,1.0000000180025095e-35,47,52,1],[2,0.7466999888420106,48,49,1],[-1,0.05850792836360607,0,0,0],[2,0.8317500054836274,50,51,1],[-1,-0.01768203934431036,0,0,0],[-1,0.07719047035672019,0,0,0],[12,1.5000000000000002,53,54,1],[-1,0.020584754285995117,0,0,0],[-1,0.09074996917756524,0,0,0],[-1,-0.0169832675070685,0,0,0],[2,0.49989999830722814,57,60,1],[2,0.43980000913143164,58,59,1],[-1,0.08688409866446715,0,0,0],[-1,-0.028142654722240847,0,0,0],[-1,0.08802910641877298,0,0,0]],[[4,0.02952999994158745,1,24,1],[12,1.0000000180025095e-35,2,3,1],[-1,-0.09554511662353314,0,0,0],[2,0.5250499844551088,4,21,1],[12,1.5000000000000002,5,16,1],[11,1.5000000000000002,6,13,1],[4,0.028315000236034397,7,10,1],[14,53.50000000000001,8,9,1],[-1,-0.05256134368704138,0,0,0],[-1,0.06500612454186667,0,0,0],[3,9.500000000000002,11,12,1],[-1,-0.07745964842083851,0,0,0],[-1,0.04494317705059691,0,0,0],[3,26.500000000000004,14,15,1],[-1,-0.07701235554440616,0,0,0],[-1,0.09080864192727474,0,0,0],[14,53.50000000000001,17,20,1],[3,36.50000000000001,18,19,1],[-1,0.02063714682450403,0,0,0],[-1,-0.06864737638374485,0,0,0],[-1,0.10291903968301308,0,0,0],[6,1.0000000180025095e-35,22,23,1],[-1,-0.06880717390848683,0,0,0],[-1,0.029689611728121835,0,0,0],[4,0.030814999714493755,25,44,1],[2,0.6191999912261964,26,39,1],[10,0.4500000029802323,27,38,1],[2,0.49545000493526464,28,35,1],[2,0.4094999879598618,29,34,1],[14,43.50000000000001,30,31,1],[-1,0.07296232048167396,0,0,0],[14,46.50000000000001,32,33,1],[-1,-0.11752561595490545,0,0,0],[-1,0.052521301251642574,0,0,0],[-1,0.08257730021984995,0,0,0],[14,47.50000000000001,36,37,1],[-1,-0.05937492337033345,0,0,0],[-1,0.045521386410067706,0,0,0],[-1,0.09375445396383046,0,0,0],[14,44.50000000000001,40,43,1],[14,37.50000000000001,41,42,1],[-1,0.04266846696546151,0,0,0],[-1,-0.03918159963461788,0,0,0],[-1,0.0208823908242864,0,0,0],[12,1.0000000180025095e-35,45,50,1],[10,0.6333333551883699,46,49,1],[0,6.055449962615968,47,48,1],[-1,0.037871860303432446,0,0,0],[-1,-0.09993079744266586,0,0,0],[-1,0.0856584471294076,0,0,0],[4,0.03226500004529954,51,60,1],[2,0.5308499932289125,52,57,1],[3,3.5000000000000004,53,56,1],[11,1.0000000180025095e-35,54,55,1],[-1,0.04302274927285756,0,0,0],[-1,-0.06048944694740416,0,0,0],[-1,0.07492071448212198,0,0,0],[0,15.420500278472902,58,59,1],[-1,0.07606912623240857,0,0,0],[-1,0.033126745110464,0,0,0],[-1,0.08333890004092152,0,0,0]]]}